"2017-06-01 09:00:00";"Запрос на запуск хрона"
"2017-06-01 09:00:00";"Запуск в режиме рассылки"
"2017-06-01 10:00:00";"Запрос на запуск хрона"
"2017-06-01 10:00:00";"Запуск в режиме рассылки"
"2017-06-01 11:00:00";"Запрос на запуск хрона"
"2017-06-01 11:00:00";"Запуск в режиме рассылки"
"2017-06-01 12:00:01";"Запрос на запуск хрона"
"2017-06-01 12:00:01";"Запуск в режиме рассылки"
"2017-06-01 13:00:01";"Запрос на запуск хрона"
"2017-06-01 13:00:01";"Запуск в режиме рассылки"
"2017-06-01 14:00:00";"Запрос на запуск хрона"
"2017-06-01 14:00:00";"Запуск в режиме рассылки"
"2017-06-01 15:00:01";"Запрос на запуск хрона"
"2017-06-01 15:00:01";"Запуск в режиме рассылки"
"2017-06-01 16:00:00";"Запрос на запуск хрона"
"2017-06-01 16:00:00";"Запуск в режиме рассылки"
"2017-06-01 17:00:00";"Запрос на запуск хрона"
"2017-06-01 17:00:00";"Запуск в режиме рассылки"
"2017-06-01 18:00:01";"Запрос на запуск хрона"
"2017-06-01 18:00:01";"Запуск в режиме рассылки"
"2017-06-01 19:00:00";"Запрос на запуск хрона"
"2017-06-01 19:00:00";"Запуск в режиме рассылки"
"2017-06-01 20:00:00";"Запрос на запуск хрона"
"2017-06-01 20:00:00";"Запуск в режиме рассылки"
"2017-06-01 21:00:00";"Запрос на запуск хрона"
"2017-06-01 21:00:00";"Запуск в режиме рассылки"
"2017-06-02 10:00:02";"Запрос на запуск хрона"
"2017-06-02 10:00:02";"Запуск в режиме обслуживания"
"2017-06-02 10:00:02";"Запуск в режиме рассылки"
"2017-06-02 11:00:01";"Запрос на запуск хрона"
"2017-06-02 11:00:01";"Запуск в режиме рассылки"
"2017-06-02 12:00:00";"Запрос на запуск хрона"
"2017-06-02 12:00:00";"Запуск в режиме рассылки"
"2017-06-02 13:00:00";"Запрос на запуск хрона"
"2017-06-02 13:00:00";"Запуск в режиме рассылки"
"2017-06-02 14:00:01";"Запрос на запуск хрона"
"2017-06-02 14:00:01";"Запуск в режиме рассылки"
"2017-06-02 15:00:06";"Запрос на запуск хрона"
"2017-06-02 15:00:06";"Запуск в режиме рассылки"
"2017-06-02 16:00:07";"Запрос на запуск хрона"
"2017-06-02 16:00:07";"Запуск в режиме рассылки"
"2017-06-02 17:00:00";"Запрос на запуск хрона"
"2017-06-02 17:00:00";"Запуск в режиме рассылки"
"2017-06-02 18:00:04";"Запрос на запуск хрона"
"2017-06-02 18:00:04";"Запуск в режиме рассылки"
"2017-06-02 19:00:01";"Запрос на запуск хрона"
"2017-06-02 19:00:01";"Запуск в режиме рассылки"
"2017-06-02 20:00:01";"Запрос на запуск хрона"
"2017-06-02 20:00:01";"Запуск в режиме рассылки"
"2017-06-02 21:00:01";"Запрос на запуск хрона"
"2017-06-02 21:00:01";"Запуск в режиме рассылки"
"2017-06-03 08:00:01";"Запрос на запуск хрона"
"2017-06-03 08:00:01";"Запуск в режиме обслуживания"
"2017-06-03 08:00:02";"Запуск в режиме рассылки"
"2017-06-03 09:00:01";"Запрос на запуск хрона"
"2017-06-03 09:00:01";"Запуск в режиме рассылки"
"2017-06-03 10:00:00";"Запрос на запуск хрона"
"2017-06-03 10:00:00";"Запуск в режиме рассылки"
"2017-06-03 11:00:01";"Запрос на запуск хрона"
"2017-06-03 11:00:01";"Запуск в режиме рассылки"
"2017-06-03 12:00:01";"Запрос на запуск хрона"
"2017-06-03 12:00:01";"Запуск в режиме рассылки"
"2017-06-03 13:00:00";"Запрос на запуск хрона"
"2017-06-03 13:00:00";"Запуск в режиме рассылки"
"2017-06-03 14:00:01";"Запрос на запуск хрона"
"2017-06-03 14:00:01";"Запуск в режиме рассылки"
"2017-06-03 15:00:02";"Запрос на запуск хрона"
"2017-06-03 15:00:02";"Запуск в режиме рассылки"
"2017-06-03 16:00:01";"Запрос на запуск хрона"
"2017-06-03 16:00:01";"Запуск в режиме рассылки"
"2017-06-03 17:00:01";"Запрос на запуск хрона"
"2017-06-03 17:00:01";"Запуск в режиме рассылки"
"2017-06-03 18:00:01";"Запрос на запуск хрона"
"2017-06-03 18:00:01";"Запуск в режиме рассылки"
"2017-06-03 19:00:01";"Запрос на запуск хрона"
"2017-06-03 19:00:01";"Запуск в режиме рассылки"
"2017-06-03 20:00:00";"Запрос на запуск хрона"
"2017-06-03 20:00:00";"Запуск в режиме рассылки"
"2017-06-03 21:00:00";"Запрос на запуск хрона"
"2017-06-03 21:00:00";"Запуск в режиме рассылки"
"2017-06-04 06:00:01";"Запрос на запуск хрона"
"2017-06-04 06:00:01";"Запуск в режиме рассылки"
"2017-06-04 07:00:01";"Запрос на запуск хрона"
"2017-06-04 07:00:01";"Запуск в режиме рассылки"
"2017-06-04 08:00:01";"Запрос на запуск хрона"
"2017-06-04 08:00:01";"Запуск в режиме обслуживания"
"2017-06-04 08:00:01";"Запуск в режиме рассылки"
"2017-06-04 09:00:02";"Запрос на запуск хрона"
"2017-06-04 09:00:02";"Запуск в режиме рассылки"
"2017-06-04 10:00:01";"Запрос на запуск хрона"
"2017-06-04 10:00:01";"Запуск в режиме рассылки"
"2017-06-04 11:00:01";"Запрос на запуск хрона"
"2017-06-04 11:00:01";"Запуск в режиме рассылки"
"2017-06-04 12:00:01";"Запрос на запуск хрона"
"2017-06-04 12:00:01";"Запуск в режиме рассылки"
"2017-06-04 13:00:00";"Запрос на запуск хрона"
"2017-06-04 13:00:00";"Запуск в режиме рассылки"
"2017-06-04 14:00:00";"Запрос на запуск хрона"
"2017-06-04 14:00:00";"Запуск в режиме рассылки"
"2017-06-04 15:00:00";"Запрос на запуск хрона"
"2017-06-04 15:00:01";"Запуск в режиме рассылки"
"2017-06-04 16:00:01";"Запрос на запуск хрона"
"2017-06-04 16:00:01";"Запуск в режиме рассылки"
"2017-06-04 17:00:00";"Запрос на запуск хрона"
"2017-06-04 17:00:00";"Запуск в режиме рассылки"
"2017-06-04 18:00:00";"Запрос на запуск хрона"
"2017-06-04 18:00:00";"Запуск в режиме рассылки"
"2017-06-04 19:00:01";"Запрос на запуск хрона"
"2017-06-04 19:00:01";"Запуск в режиме рассылки"
"2017-06-04 20:00:00";"Запрос на запуск хрона"
"2017-06-04 20:00:00";"Запуск в режиме рассылки"
"2017-06-15 17:00:01";"Запрос на запуск хрона"
"2017-06-15 17:00:01";"Запуск в режиме обслуживания"
"2017-06-15 17:00:02";"Запуск в режиме рассылки"
"2017-06-16 07:00:02";"Запрос на запуск хрона"
"2017-06-16 07:00:02";"Запуск в режиме рассылки"
"2017-06-16 08:00:01";"Запрос на запуск хрона"
"2017-06-16 08:00:01";"Запуск в режиме обслуживания"
"2017-06-16 08:00:01";"Запуск в режиме рассылки"
"2017-06-16 09:00:00";"Запрос на запуск хрона"
"2017-06-16 09:00:00";"Запуск в режиме рассылки"
"2017-06-16 10:00:00";"Запрос на запуск хрона"
"2017-06-16 10:00:00";"Запуск в режиме рассылки"
"2017-06-16 11:00:00";"Запрос на запуск хрона"
"2017-06-16 11:00:00";"Запуск в режиме рассылки"
"2017-06-16 12:00:01";"Запрос на запуск хрона"
"2017-06-16 12:00:01";"Запуск в режиме рассылки"
"2017-06-16 13:00:11";"Запрос на запуск хрона"
"2017-06-16 13:00:11";"Запуск в режиме рассылки"
"2017-06-16 14:00:01";"Запрос на запуск хрона"
"2017-06-16 14:00:01";"Запуск в режиме рассылки"
"2017-06-16 15:00:00";"Запрос на запуск хрона"
"2017-06-16 15:00:00";"Запуск в режиме рассылки"
